model_name,AUC,MAE,Spearman
AutoGluon,,61.77109180644057,0.390915108775678
